title,mp4_download_url,post_url,page,category
JK junior student's true colors as a domination role,https://video.xchina.download/m3u8/6ab01d74a79f8/720.m3u8?expires=1789976255&md5=coFvG3qugw5sTF1xHBr_1g,https://en.xchina.co/video/id-6ab01d74a79f8.html,1,xchina
Cigar Experience Store Tender Hole Recharge Service Deep Penetration Honey Hole Extraction,https://video.xchina.download/m3u8/6ab01263b4e74/720.m3u8?expires=1789978597&md5=zp1pknk1qyPBpRE9fnXUww,https://en.xchina.co/video/id-6ab01263b4e74.html,1,xchina
"Lingling, who suffers from sex addiction, and her husband came to see a psychologist.",https://video.xchina.download/m3u8/6ab0345456c24/720.m3u8?expires=1789973936&md5=njg0_aU_IDXGklS8wdv_cg,https://en.xchina.co/video/id-6ab0345456c24.html,1,xchina
"Black stockings bitch being gang-fucked in her wet, slutty cunt, double-teamed and brutally fucked.",https://video.xchina.download/m3u8/6aafd8b3004da/720.m3u8?expires=1789977409&md5=F3FLVm0VPF4zcT83F0C96Q,https://en.xchina.co/video/id-6aafd8b3004da.html,1,xchina
Hotel customer service's vaginal compensation,https://video.xchina.download/m3u8/6aaf0fdc443d6/720.m3u8?expires=1789973937&md5=cNZsemF9G6wEwrDxfA-WMg,https://en.xchina.co/video/id-6aaf0fdc443d6.html,1,xchina
The policewoman's experience,https://video.xchina.download/m3u8/6aaee7c9a12e8/720.m3u8?expires=1789981222&md5=1xlO_i3l02uwSTOeN7pUvQ,https://en.xchina.co/video/id-6aaee7c9a12e8.html,1,xchina
"A hotel hookup with an 18-year-old girl in stockings and suspenders—her oral skills were amazing, her tongue was very flexible, and it felt great to tease my glans. (梭哈)",https://video.xchina.download/m3u8/6aaee47a0263c/720.m3u8?expires=1789973946&md5=DhQQw846bIGYRL1IamdZDA,https://en.xchina.co/video/id-6aaee47a0263c.html,1,xchina
Seven-Day Sperm Control Challenge Extra Chapter: The Lustful Mother in a Spring Dream,https://video.xchina.download/m3u8/6aaee39331074/720.m3u8?expires=1789974843&md5=bZeCir-GO-64l7BsdvECng,https://en.xchina.co/video/id-6aaee39331074.html,1,xchina
My breasts hurt from being fucked by a single man for several rounds in a row.,https://video.xchina.download/m3u8/6aaf0a837eeca/720.m3u8?expires=1789975668&md5=_5LY2qECvW0TAdi12B86XQ,https://en.xchina.co/video/id-6aaf0a837eeca.html,1,xchina
Exorcism of the nun's genitals,https://video.xchina.download/m3u8/6aaed1347fe2a/720.m3u8?expires=1789975412&md5=sudA4LVxksX40S5SCEYCdg,https://en.xchina.co/video/id-6aaed1347fe2a.html,1,xchina
Special birthday experience,https://video.xchina.download/m3u8/6aaec32ca1ba9/720.m3u8?expires=1789973941&md5=xR3VoVOsTj_ztpeX-yCIzQ,https://en.xchina.co/video/id-6aaec32ca1ba9.html,1,xchina
